account_id,label
ACC0001,0
ACC0002,0
ACC0003,0
ACC0004,0
ACC0005,0
ACC0006,0
ACC0007,0
ACC0008,0
ACC0009,0
ACC0010,0
ACC0011,0
ACC0012,0
ACC0013,1
ACC0014,1
ACC0015,0
ACC0016,1
ACC0017,1
ACC0018,0
ACC0019,0
ACC0020,0
ACC0021,0
ACC0022,0
ACC0023,0
ACC0024,0
ACC0025,0
ACC0026,0
ACC0027,0
ACC0028,0
ACC0029,0
ACC0030,0
ACC0031,0
ACC0032,0
ACC0033,0
ACC0034,0
ACC0035,0
ACC0036,0
ACC0037,0
ACC0038,0
ACC0039,0
ACC0040,0
ACC0041,0
ACC0042,0
ACC0043,0
ACC0044,0
ACC0045,1
ACC0046,0
ACC0047,0
ACC0048,1
ACC0049,0
ACC0050,0
ACC0051,0
ACC0052,0
ACC0053,1
ACC0054,0
ACC0055,0
ACC0056,0
ACC0057,0
ACC0058,1
ACC0059,0
ACC0060,0
ACC0061,0
ACC0062,0
ACC0063,0
ACC0064,0
ACC0065,0
ACC0066,0
ACC0067,0
ACC0068,0
ACC0069,0
ACC0070,0
ACC0071,0
ACC0072,1
ACC0073,0
ACC0074,0
ACC0075,0
ACC0076,0
ACC0077,0
ACC0078,0
ACC0079,0
ACC0080,0
ACC0081,0
ACC0082,0
ACC0083,0
ACC0084,0
ACC0085,0
ACC0086,0
ACC0087,0
ACC0088,0
ACC0089,0
ACC0090,0
ACC0091,0
ACC0092,0
ACC0093,0
ACC0094,0
ACC0095,0
ACC0096,0
ACC0097,0
ACC0098,0
ACC0099,0
ACC0100,0
ACC0101,0
ACC0102,1
ACC0103,0
ACC0104,0
ACC0105,0
ACC0106,0
ACC0107,0
ACC0108,0
ACC0109,0
ACC0110,0
ACC0111,0
ACC0112,1
ACC0113,0
ACC0114,0
ACC0115,1
ACC0116,0
ACC0117,0
ACC0118,0
ACC0119,0
ACC0120,1
ACC0121,0
ACC0122,0
ACC0123,0
ACC0124,0
ACC0125,0
ACC0126,1
ACC0127,0
ACC0128,0
ACC0129,0
ACC0130,0
ACC0131,0
ACC0132,0
ACC0133,0
ACC0134,0
ACC0135,0
ACC0136,0
ACC0137,0
ACC0138,0
ACC0139,0
ACC0140,0
ACC0141,1
ACC0142,0
ACC0143,0
ACC0144,0
ACC0145,0
ACC0146,0
ACC0147,0
ACC0148,0
ACC0149,0
ACC0150,0
ACC0151,0
ACC0152,0
ACC0153,0
ACC0154,0
ACC0155,0
ACC0156,0
ACC0157,0
ACC0158,0
ACC0159,0
ACC0160,0
ACC0161,0
ACC0162,0
ACC0163,0
ACC0164,0
ACC0165,0
ACC0166,0
ACC0167,0
ACC0168,0
ACC0169,0
ACC0170,0
ACC0171,0
ACC0172,0
ACC0173,0
ACC0174,0
ACC0175,0
ACC0176,0
ACC0177,0
ACC0178,0
ACC0179,0
ACC0180,0
ACC0181,0
ACC0182,0
ACC0183,0
ACC0184,0
ACC0185,0
ACC0186,0
ACC0187,0
ACC0188,0
ACC0189,0
ACC0190,0
ACC0191,0
ACC0192,0
ACC0193,0
ACC0194,0
ACC0195,0
ACC0196,0
ACC0197,0
ACC0198,0
ACC0199,0
ACC0200,0
ACC0201,0
ACC0202,0
ACC0203,0
ACC0204,0
ACC0205,0
ACC0206,0
ACC0207,0
ACC0208,0
ACC0209,0
ACC0210,0
ACC0211,0
ACC0212,0
ACC0213,0
ACC0214,0
ACC0215,1
ACC0216,0
ACC0217,1
ACC0218,0
ACC0219,0
ACC0220,0
ACC0221,0
ACC0222,0
ACC0223,0
ACC0224,0
ACC0225,0
ACC0226,0
ACC0227,0
ACC0228,0
ACC0229,0
ACC0230,0
ACC0231,0
ACC0232,0
ACC0233,0
ACC0234,0
ACC0235,0
ACC0236,0
ACC0237,0
ACC0238,0
ACC0239,0
ACC0240,0
ACC0241,0
ACC0242,0
ACC0243,0
ACC0244,0
ACC0245,0
ACC0246,0
ACC0247,0
ACC0248,0
ACC0249,0
ACC0250,0
ACC0251,0
ACC0252,0
ACC0253,0
ACC0254,0
ACC0255,0
ACC0256,0
ACC0257,0
ACC0258,0
ACC0259,1
ACC0260,0
ACC0261,0
ACC0262,0
ACC0263,0
ACC0264,0
ACC0265,0
ACC0266,0
ACC0267,0
ACC0268,0
ACC0269,0
ACC0270,0
ACC0271,0
ACC0272,0
ACC0273,0
ACC0274,0
ACC0275,0
ACC0276,0
ACC0277,0
ACC0278,0
ACC0279,0
ACC0280,1
ACC0281,0
ACC0282,0
ACC0283,0
ACC0284,0
ACC0285,0
ACC0286,0
ACC0287,0
ACC0288,1
ACC0289,0
ACC0290,0
ACC0291,0
ACC0292,0
ACC0293,0
ACC0294,0
ACC0295,0
ACC0296,0
ACC0297,0
ACC0298,0
ACC0299,0
ACC0300,0
ACC0301,0
ACC0302,0
ACC0303,1
ACC0304,0
ACC0305,0
ACC0306,0
ACC0307,0
ACC0308,0
ACC0309,1
ACC0310,0
ACC0311,0
ACC0312,0
ACC0313,0
ACC0314,0
ACC0315,0
ACC0316,0
ACC0317,0
ACC0318,0
ACC0319,0
ACC0320,0
ACC0321,0
ACC0322,0
ACC0323,0
ACC0324,0
ACC0325,0
ACC0326,0
ACC0327,0
ACC0328,1
ACC0329,0
ACC0330,0
ACC0331,0
ACC0332,0
ACC0333,1
ACC0334,0
ACC0335,0
ACC0336,0
ACC0337,0
ACC0338,0
ACC0339,0
ACC0340,0
ACC0341,0
ACC0342,0
ACC0343,0
ACC0344,0
ACC0345,0
ACC0346,0
ACC0347,1
ACC0348,0
ACC0349,0
ACC0350,0
ACC0351,0
ACC0352,0
ACC0353,0
ACC0354,0
ACC0355,0
ACC0356,0
ACC0357,0
ACC0358,0
ACC0359,0
ACC0360,1
ACC0361,0
ACC0362,0
ACC0363,0
ACC0364,0
ACC0365,0
ACC0366,0
ACC0367,1
ACC0368,0
ACC0369,0
ACC0370,0
ACC0371,0
ACC0372,0
ACC0373,0
ACC0374,0
ACC0375,0
ACC0376,0
ACC0377,0
ACC0378,1
ACC0379,0
ACC0380,1
ACC0381,0
ACC0382,0
ACC0383,0
ACC0384,0
ACC0385,0
ACC0386,0
ACC0387,0
ACC0388,0
ACC0389,0
ACC0390,0
ACC0391,0
ACC0392,0
ACC0393,0
ACC0394,0
ACC0395,0
ACC0396,0
ACC0397,0
ACC0398,0
ACC0399,0
ACC0400,0
ACC0401,0
ACC0402,0
ACC0403,0
ACC0404,0
ACC0405,0
ACC0406,0
ACC0407,0
ACC0408,0
ACC0409,0
ACC0410,0
ACC0411,0
ACC0412,0
ACC0413,0
ACC0414,0
ACC0415,0
ACC0416,0
ACC0417,0
ACC0418,0
ACC0419,0
ACC0420,0
ACC0421,0
ACC0422,0
ACC0423,0
ACC0424,0
ACC0425,0
ACC0426,0
ACC0427,0
ACC0428,0
ACC0429,0
ACC0430,0
ACC0431,0
ACC0432,0
ACC0433,0
ACC0434,0
ACC0435,0
ACC0436,0
ACC0437,0
ACC0438,0
ACC0439,0
ACC0440,0
ACC0441,0
ACC0442,0
ACC0443,0
ACC0444,0
ACC0445,0
ACC0446,0
ACC0447,0
ACC0448,0
ACC0449,0
ACC0450,0
ACC0451,0
ACC0452,0
ACC0453,0
ACC0454,0
ACC0455,0
ACC0456,0
ACC0457,1
ACC0458,0
ACC0459,0
ACC0460,0
ACC0461,0
ACC0462,0
ACC0463,0
ACC0464,0
ACC0465,0
ACC0466,0
ACC0467,0
ACC0468,0
ACC0469,0
ACC0470,0
ACC0471,0
ACC0472,0
ACC0473,0
ACC0474,0
ACC0475,0
ACC0476,0
ACC0477,0
ACC0478,0
ACC0479,0
ACC0480,0
ACC0481,0
ACC0482,0
ACC0483,0
ACC0484,0
ACC0485,0
ACC0486,0
ACC0487,0
ACC0488,0
ACC0489,0
ACC0490,0
ACC0491,0
ACC0492,0
ACC0493,0
ACC0494,0
ACC0495,0
ACC0496,0
ACC0497,0
ACC0498,0
ACC0499,0
ACC0500,0
